universe,effective_score_date,benchmark,method,ticker,name,method_rank,method_score,method_score_label,raw_ml_score,raw_ml_rank,eligibility_state,candidate_type_group,trade_signal,reason_text,latest_price_date,return_1m,return_3m,return_6m,return_12m,rs_3m,rs_6m,sma50_state,sma100_state,sma200_state,drawdown,volatility,liquidity,stretch,source_ref
NORWAY_V2,2026-06-19,^OSEAX,main_momentum,KIT.OL,Kitron ASA,1,60.5,Score,,,HARD_FILTER_PASS,StableLeader,Strong Buy,Over SMA200 | 1m 2.4% | 3m 10.1% | 6m 67.9% | RS 1.38 | RS 20d siden 1.2 | RS-trend +0.18 | SMA-dist 32.8% | DD -17.3% | 12m 98.4% | 12-1 93.7% | Accel -1.0% | Accel < 0 | Negative accel penalty | Stable leader bonus,2026-06-19,0.0240296319486899,0.1013916971406379,0.6787879250266335,0.9838855161849038,,1.383287835821213,,,ABOVE,-17.257039294569953,0.017653997624051978,,32.81112246677944,main
NORWAY_V2,2026-06-19,^OSEAX,main_momentum,MAS.OL,MÅSØVAL AS,2,46.29,Score,,,HARD_FILTER_PASS,,Strong Buy,Over SMA200 | 1m 0.9% | 3m 46.9% | 6m 39.5% | RS 1.15 | RS 20d siden 1.02 | RS-trend +0.13 | SMA-dist 25.2% | DD -55.4% | 12m 59.6% | 12-1 58.2% | Accel -14.7% | Accel < 0 | Negative accel penalty | RS < 1.2 penalty,2026-06-19,0.009118517420875216,0.4690265576349688,0.3949580599667224,0.5961539413802053,,1.1494176763286597,,,ABOVE,-55.400001525878906,0.011274385404507706,,25.212147036853754,main
NORWAY_V2,2026-06-19,^OSEAX,main_momentum,SNTIA.OL,SENTIA ASA,3,33.3,Score,,,HARD_FILTER_PASS,,Buy,Over SMA200 | 1m 2.8% | 3m 10.1% | 6m 27.9% | RS 1.05 | RS 20d siden 0.96 | RS-trend +0.09 | SMA-dist 14.4% | DD -7.8% | 12m 37.7% | 12-1 34.0% | Accel -0.6% | Accel < 0 | Negative accel penalty | RS < 1.1 penalty,2026-06-19,0.02766796352968548,0.10060670208964884,0.278688524590164,0.37687551454642,,1.0536138933937629,,,ABOVE,-7.845582580734289,0.0155355820870351,,14.376544992476163,main
NORWAY_V2,2026-06-19,^OSEAX,main_momentum,INIFY.OL,INIFY LABORATORIES AB,4,93.68,Score,,,HARD_FILTER_PASS,ReboundCase,Avoid,Over SMA200 | 1m 106.2% | 3m 77.8% | 6m 145.4% | RS 2.02 | RS 20d siden 0.76 | RS-trend +1.27 | SMA-dist 74.8% | DD -78.4% | 12m 33.3% | 12-1 -35.3% | Accel 80.3% | Volatility elevated | 1m > 100% | Rebound-case penalty,2026-06-19,1.0618556092884925,0.7777777777777777,1.4539877372401997,0.33333333333333326,,2.0220370515977697,,,ABOVE,-78.39506274588018,0.07269569839430844,,74.81753497103333,main
NORWAY_V2,2026-06-19,^OSEAX,main_momentum,ZAP.OL,ZAPTEC ASA,5,85.18,Score,,,HARD_FILTER_PASS,StableLeader,Avoid,Over SMA200 | 1m 12.8% | 3m 64.6% | 6m 103.0% | RS 1.67 | RS 20d siden 1.39 | RS-trend +0.28 | SMA-dist 55.4% | DD -60.7% | 12m 148.7% | 12-1 120.4% | Accel -8.7% | Volatility elevated | Accel < 0 | Negative accel penalty | Stable leader bonus,2026-06-19,0.12838635253211872,0.6460481408234149,1.0296610487976552,1.487019779680439,,1.6724003060704526,,,ABOVE,-60.72992756418938,0.0357357409973439,,55.40595815321785,main
NORWAY_V2,2026-06-19,^OSEAX,main_momentum,NSKOG.OL,NORSKE SKOG,6,82.55,Score,,,HARD_FILTER_PASS,,Avoid,Over SMA200 | 1m 4.3% | 3m 42.3% | 6m 171.3% | RS 2.24 | RS 20d siden 2.31 | RS-trend -0.07 | SMA-dist 77.0% | DD -58.5% | 12m 127.0% | 12-1 117.6% | Accel -9.8% | Volatility elevated | Svak RS-trend | Accel < 0 | Negative accel penalty,2026-06-19,0.043189299719613494,0.42296074457362165,1.713133457267042,1.2698794445359565,,2.2355679668934423,,,ABOVE,-58.50923549242506,0.031121185070828065,,76.98283152906352,main
NORWAY_V2,2026-06-19,^OSEAX,main_momentum,FRO.OL,FRONTLINE PLC,7,63.15,Score,,,HARD_FILTER_PASS,StableLeader,Avoid,Over SMA200 | 1m 6.0% | 3m 27.9% | 6m 66.0% | RS 1.37 | RS 20d siden 1.11 | RS-trend +0.25 | SMA-dist 35.4% | DD -17.3% | 12m 96.3% | 12-1 85.1% | Accel -3.3% | Volatility elevated | Accel < 0 | Negative accel penalty | Stable leader bonus,2026-06-19,0.06044571645412611,0.2792338857500243,0.6602704192773137,0.9633833119678803,,1.3680297796540666,,,ABOVE,-17.307692307692314,0.020670856400545272,,35.41874593152886,main
NORWAY_V2,2026-06-19,^OSEAX,main_momentum,SUBC.OL,SUBSEA 7,8,60.76,Score,,,HARD_FILTER_PASS,StableLeader,Avoid,Over SMA200 | 1m 5.2% | 3m 32.5% | 6m 73.0% | RS 1.43 | RS 20d siden 1.29 | RS-trend +0.14 | SMA-dist 39.3% | DD -14.3% | 12m 80.0% | 12-1 71.0% | Accel -5.6% | Volatility elevated | Accel < 0 | Negative accel penalty | Stable leader bonus,2026-06-19,0.05240443995021993,0.3253105039108346,0.7303598003844163,0.7996837079002803,,1.4257820346353824,,,ABOVE,-14.260968466196545,0.029768068639552125,,39.33072834594455,main
NORWAY_V2,2026-06-19,^OSEAX,main_momentum,NAPA.OL,NAPATECH,9,57.41,Score,,,HARD_FILTER_PASS,,Avoid,Over SMA200 | 1m 5.7% | 3m 52.5% | 6m 53.2% | RS 1.26 | RS 20d siden 1.34 | RS-trend -0.08 | SMA-dist 50.3% | DD -28.0% | 12m 119.4% | 12-1 107.5% | Accel -11.8% | Volatility elevated | Svak RS-trend | Accel < 0 | Negative accel penalty,2026-06-19,0.05732485881975036,0.5252678992246993,0.5323076688326323,1.1938324917752947,,1.262591020243437,,,ABOVE,-27.97029880598092,0.08095332508449507,,50.30105263352347,main
NORWAY_V2,2026-06-19,^OSEAX,main_momentum,GOD.OL,GOODTECH,10,48.15,Score,,,HARD_FILTER_PASS,ReboundCase,Avoid,Over SMA200 | 1m 22.9% | 3m 33.0% | 6m 47.3% | RS 1.21 | RS 20d siden 0.95 | RS-trend +0.27 | SMA-dist 34.5% | DD -34.8% | 12m 60.4% | 12-1 30.6% | Accel 11.9% | Volatility elevated | Rebound-case penalty,2026-06-19,0.22869957650016404,0.33009704423002506,0.47311822884840127,0.6042154415059835,,1.2138200997961996,,,ABOVE,-34.83870721632435,0.020368281866865713,,34.49370819445414,main
NORWAY_V2,2026-06-19,^OSEAX,main_momentum,MVE.OL,MATVAREEXPRESSEN AS,11,47.31,Score,,,HARD_FILTER_PASS,ReboundCase,Avoid,Over SMA200 | 1m 20.2% | 3m 35.8% | 6m 21.3% | RS 1.0 | RS 20d siden 0.83 | RS-trend +0.17 | SMA-dist 28.0% | DD -21.8% | 12m 133.9% | 12-1 94.6% | Accel 8.3% | Volatility elevated | RS <= 1.05 | RS < 1.1 penalty | Rebound-case penalty,2026-06-19,0.201834862385321,0.3575129533678756,0.21296296296296302,1.3392857142857144,,0.9994573388069278,,,ABOVE,-21.794871794871796,0.050068022085489626,,27.9984366603156,main
NORWAY_V2,2026-06-19,^OSEAX,main_momentum,AUTO.OL,AUTOSTORE HOLDINGS LTD.,12,46.11,Score,,,HARD_FILTER_PASS,,Avoid,Over SMA200 | 1m 5.1% | 3m 22.7% | 6m 14.9% | RS 0.95 | RS 20d siden 0.89 | RS-trend +0.06 | SMA-dist 16.8% | DD -79.8% | 12m 136.7% | 12-1 125.2% | Accel -2.4% | Volatility elevated | RS <= 1.05 | Accel < 0 | Negative accel penalty | RS < 1.1 penalty,2026-06-19,0.05132449416182361,0.22705307644266037,0.14932122986873386,1.367194846425543,,0.9470178174549793,,,ABOVE,-79.80088504350906,0.02827909365727391,,16.849299256720084,main
NORWAY_V2,2026-06-19,^OSEAX,main_momentum,AKVA.OL,AKVA Group ASA,13,43.64,Score,,,HARD_FILTER_PASS,,Avoid,Over SMA200 | 1m 1.6% | 3m 24.2% | 6m 43.7% | RS 1.18 | RS 20d siden 1.1 | RS-trend +0.08 | SMA-dist 26.5% | DD -15.6% | 12m 62.2% | 12-1 59.7% | Accel -6.5% | Volatility elevated | Accel < 0 | Negative accel penalty | RS < 1.2 penalty,2026-06-19,0.015810276679841806,0.24154589371980673,0.43736015443805876,0.6224748099924264,,1.1843561582066557,,,ABOVE,-15.636363636363637,0.02202729085373202,,26.52494557068239,main
NORWAY_V2,2026-06-19,^OSEAX,main_momentum,BMA.OL,BYGGMA,14,43.37,Score,,,HARD_FILTER_PASS,,Avoid,Over SMA200 | 1m 2.8% | 3m 35.8% | 6m 55.6% | RS 1.28 | RS 20d siden 1.13 | RS-trend +0.15 | SMA-dist 35.8% | DD -72.9% | 12m 17.3% | 12-1 14.1% | Accel -9.2% | Volatility elevated | Accel < 0 | Negative accel penalty,2026-06-19,0.02752295424165485,0.35757573445638013,0.5555555702727522,0.17277482571477387,,1.2817468283065538,,,ABOVE,-72.92035364471705,0.03158941469374974,,35.84813906012156,main
NORWAY_V2,2026-06-19,^OSEAX,main_momentum,MPCC.OL,MPC CONTAINER SHIPS,15,36.53,Score,,,HARD_FILTER_PASS,,Avoid,Over SMA200 | 1m 2.8% | 3m 8.7% | 6m 35.3% | RS 1.11 | RS 20d siden 1.08 | RS-trend +0.04 | SMA-dist 23.9% | DD -34.9% | 12m 46.4% | 12-1 42.3% | Accel -0.1% | Volatility elevated | Accel < 0 | Negative accel penalty | RS < 1.2 penalty,2026-06-19,0.02835697740436105,0.08682235641191505,0.3527153300403756,0.46350144149143113,,1.1146105076637616,,,ABOVE,-34.852712468583455,0.0193335887644416,,23.855802202597836,main
NORWAY_V2,2026-06-19,^OSEAX,main_momentum,AFK.OL,Arendals Fossekompani ASA,16,34.06,Score,,,HARD_FILTER_PASS,,Avoid,Over SMA200 | 1m 0.3% | 3m 5.4% | 6m 33.7% | RS 1.1 | RS 20d siden 1.03 | RS-trend +0.08 | SMA-dist 15.1% | DD -68.4% | 12m 30.7% | 12-1 30.4% | Accel -1.5% | Volatility elevated | Accel < 0 | Negative accel penalty | RS < 1.2 penalty,2026-06-19,0.0028409090909091717,0.0537313432835822,0.33712121212121215,0.30740740740740735,,1.1017612648818909,,,ABOVE,-68.41013055589436,0.018455872324999876,,15.120583103690057,main
NORWAY_V2,2026-06-19,^OSEAX,main_momentum,VVL.OL,VOSS VEKSEL- OG LANDMANDSBANK,17,33.25,Score,,,HARD_FILTER_PASS,,Avoid,Over SMA200 | 1m 3.8% | 3m 15.6% | 6m 30.3% | RS 1.07 | RS 20d siden 0.97 | RS-trend +0.11 | SMA-dist 17.7% | DD -9.9% | 12m 28.3% | 12-1 23.6% | Accel -1.4% | Volatility elevated | Accel < 0 | Negative accel penalty | RS < 1.1 penalty,2026-06-19,0.03813559322033888,0.1556603773584906,0.30319148936170204,0.2827225130890052,,1.0738038486613328,,,ABOVE,-9.902912621359228,0.022425381037180305,,17.665421974617885,main
NORWAY_V2,2026-06-19,^OSEAX,main_momentum,ELK.OL,ELKEM,18,32.21,Score,,,HARD_FILTER_PASS,,Avoid,Over SMA200 | 1m 8.0% | 3m 13.8% | 6m 12.7% | RS 0.93 | RS 20d siden 0.91 | RS-trend +0.02 | SMA-dist 12.7% | DD -42.7% | 12m 38.3% | 12-1 28.2% | Accel 3.4% | Volatility elevated | RS <= 1.05 | RS < 1.1 penalty,2026-06-19,0.07951484454466162,0.13778412958591701,0.12658228951714112,0.38341973776426785,,0.9282813831985062,,,ABOVE,-42.71110958523221,0.028547972492828547,,12.737908636570369,main
NORWAY_V2,2026-06-19,^OSEAX,main_momentum,CAMBI.OL,CAMBI ASA,19,31.53,Score,,,HARD_FILTER_PASS,,Avoid,Over SMA200 | 1m 4.2% | 3m 18.4% | 6m 28.9% | RS 1.06 | RS 20d siden 0.97 | RS-trend +0.10 | SMA-dist 20.4% | DD -39.0% | 12m 16.9% | 12-1 12.2% | Accel -2.0% | Volatility elevated | Accel < 0 | Negative accel penalty | RS < 1.1 penalty,2026-06-19,0.04166664827017175,0.18421052631578938,0.2893982244279212,0.16883116883116878,,1.0624384728954477,,,ABOVE,-38.96551461055361,0.025203447067980795,,20.40778098151185,main
NORWAY_V2,2026-06-19,^OSEAX,main_momentum,WAWI.OL,WALLENIUS WILHELMSEN,20,30.87,Score,,,HARD_FILTER_PASS,,Avoid,Over SMA200 | 1m 1.0% | 3m 10.0% | 6m 23.1% | RS 1.01 | RS 20d siden 1.15 | RS-trend -0.14 | SMA-dist 20.7% | DD -19.7% | 12m 50.7% | 12-1 49.2% | Accel -2.3% | Volatility elevated | RS <= 1.05 | Svak RS-trend | Accel < 0 | Negative accel penalty | RS < 1.1 penalty,2026-06-19,0.01015627384185791,0.10042555788730056,0.23142860049293157,0.5069929889601421,,1.0146726565937076,,,ABOVE,-19.740634671068115,0.022934316160600196,,20.682939621188684,main
NORWAY_V2,2026-06-19,^OSEAX,current_ml_runtime,NBX.OL,NORWEGIAN BLOCK EXCHANGE AS,1,0.6970650388683381,practical_score,0.6465762554019343,4.0,EXECUTION_PASS,Forward-looking ML pick,REVIEW,REVIEW: Risikoprofilen er hoy i dagens praktiske policy.,2026-06-19,0.1307692713286059,0.4341463528099265,0.232704406445199,-0.3690987003692993,0.4498690536052404,0.019082858164908,BELOW,BELOW,ABOVE,-0.4060606122637218,0.0687191294527344,1316330.7252622067,0.1703763430118581,origin/ML_SCREENER
NORWAY_V2,2026-06-19,^OSEAX,current_ml_runtime,DNB.OL,DNB BANK ASA,2,0.4558826123384869,practical_score,0.5881272407385775,11.0,EXECUTION_PASS,ML contrarian / review,REVIEW,REVIEW: Kandidattypen er ML-kontra / vurdering etter at ML-score har passert produksjonsterskelen.,2026-06-19,0.0207612456747405,0.007169703473117,0.0861560875207265,0.0592459605026929,0.0228924042684309,-0.1274654607595644,BELOW,BELOW,ABOVE,-0.0566038104127495,0.0130589258221236,613247433.5519943,0.0516259210759106,origin/ML_SCREENER
NORWAY_V2,2026-06-19,^OSEAX,current_ml_runtime,MPCC.OL,MPC CONTAINER SHIPS,3,0.8866105659719119,practical_score,0.5703173062637559,17.0,EXECUTION_PASS,Forward-looking ML pick,BUY,BUY: Fremoverskuende ML-kandidat med sterk trend og validert setup.,2026-06-19,0.028356977404361,0.086822356411915,0.3527153300403756,0.4635014414914311,0.1025450572072289,0.1390937817600845,BELOW,BELOW,ABOVE,-0.0880177880004638,0.0216946337226635,50288520.73433199,0.2385580220259784,origin/ML_SCREENER
NORWAY_V2,2026-06-19,^OSEAX,current_ml_runtime,PRS.OL,PROSAFE,4,0.7001067662552518,practical_score,0.5635751586167388,20.0,EXECUTION_PASS,ML contrarian / review,REVIEW,REVIEW: Kandidattypen er ML-kontra / vurdering etter at ML-score har passert produksjonsterskelen.,2026-06-19,0.048406119774059,0.3831775714817513,0.1607843142143659,-0.3657142775399344,0.3989002722770652,-0.0528372340659251,BELOW,BELOW,ABOVE,-0.5375000124176339,0.0471978241587755,8868142.165246665,0.24739250182064,origin/ML_SCREENER
NORWAY_V2,2026-06-19,^OSEAX,current_ml_runtime,AFK.OL,Arendals Fossekompani ASA,5,0.7332327537031476,practical_score,0.5380822229178782,25.0,EXECUTION_PASS,Forward-looking ML pick,WATCH,WATCH: Likviditeten er under praktisk terskel for en klar BUY-vurdering.,2026-06-19,0.0028409090909091,0.0537313432835822,0.3371212121212121,0.3074074074074073,0.0694540440788961,0.1234996638409211,BELOW,BELOW,ABOVE,-0.1218905472636815,0.0214949508860478,1217487.25,0.1512058310369006,origin/ML_SCREENER
NORWAY_V2,2026-06-19,^OSEAX,current_ml_runtime,BEWI.OL,BEWI,6,0.6711126937604637,practical_score,0.5293095340908378,31.0,EXECUTION_PASS,ML contrarian / review,REVIEW,REVIEW: Kandidattypen er ML-kontra / vurdering etter at ML-score har passert produksjonsterskelen.,2026-06-19,0.0528634911832388,0.2480418550982732,0.1313610219416199,-0.093838839167756,0.2637645558935871,-0.082260526338671,BELOW,BELOW,ABOVE,-0.1881103414583418,0.0277523542179407,2210288.8923083306,0.1454864021458135,origin/ML_SCREENER
NORWAY_V2,2026-06-19,^OSEAX,current_ml_runtime,NKR.OL,NEKKAR,7,0.75796780959907,practical_score,0.5242226970188747,34.0,EXECUTION_PASS,ML contrarian / review,REVIEW,REVIEW: Kandidattypen er ML-kontra / vurdering etter at ML-score har passert produksjonsterskelen.,2026-06-19,-0.0330033011610403,0.122605318345617,0.2739130103069802,0.4154588481715531,0.1383280191409309,0.0602914620266892,BELOW,BELOW,ABOVE,-0.0815047151273137,0.0225211116400333,2643021.7405139445,0.1570965644958035,origin/ML_SCREENER
NORWAY_V2,2026-06-19,^OSEAX,current_ml_runtime,VVL.OL,VOSS VEKSEL- OG LANDMANDSBANK,8,0.8467778514989233,practical_score,0.5238686535014533,35.0,EXECUTION_PASS,Forward-looking ML pick,WATCH,WATCH: Likviditeten er under praktisk terskel for en klar BUY-vurdering.,2026-06-19,0.0381355932203388,0.1556603773584906,0.303191489361702,0.2827225130890052,0.1713830781538045,0.089569941081411,BELOW,BELOW,ABOVE,-0.0485436893203883,0.0234579670059744,83003.05,0.1766542197461789,origin/ML_SCREENER
NORWAY_V2,2026-06-19,^OSEAX,current_ml_runtime,BCS.OL,BERGEN CARBON SOLUTIONS AS,9,0.6549823451385097,practical_score,0.5178265840419118,38.0,EXECUTION_PASS,ML contrarian / review,REVIEW,REVIEW: Kandidattypen er ML-kontra / vurdering etter at ML-score har passert produksjonsterskelen.,2026-06-19,0.2477875776328495,0.3386075646138853,0.1340482566871936,-0.126033081463488,0.3543302654091992,-0.0795732915930973,BELOW,BELOW,ABOVE,-0.2552816642759047,0.041310306654143,664927.2846939086,0.1151681333829512,origin/ML_SCREENER
NORWAY_V2,2026-06-19,^OSEAX,current_ml_runtime,SOFF.OL,SOLSTAD OFFSHORE,10,0.7220656898799049,practical_score,0.5127421899098965,42.0,EXECUTION_PASS,ML contrarian / review,REVIEW,REVIEW: Kandidattypen er ML-kontra / vurdering etter at ML-score har passert produksjonsterskelen.,2026-06-19,-0.0661417442982591,0.0403508638080798,0.435835359140823,0.473291906510821,0.0560735646033937,0.222213810860532,BELOW,BELOW,ABOVE,-0.1528571537562779,0.0231771634101842,10101405.964619065,0.1023738968863952,origin/ML_SCREENER
NORWAY_V2,2026-06-19,^OSEAX,current_ml_runtime,MORLD.OL,MORELD ASA,11,0.6139961836937402,practical_score,0.4891504901304528,49.0,EXECUTION_PASS,ML contrarian / review,AVOID,"AVOID: ML-score er under produksjonsterskelen på 0,50. Denne terskelen vurderes for kandidattype.",2026-06-19,-0.026156869837362,0.1733333703243371,0.0672547553336366,0.3081081324898471,0.189056071119651,-0.1463667929466543,BELOW,BELOW,ABOVE,-0.0824644426379372,0.0190869405519834,5662030.174521541,0.0952270912789075,origin/ML_SCREENER
NORWAY_V2,2026-06-19,^OSEAX,current_ml_runtime,SOGN.OL,SOGN SPAREBANK,12,0.4708588289882858,practical_score,0.4653158986788919,56.0,EXECUTION_PASS,ML contrarian / review,AVOID,"AVOID: ML-score er under produksjonsterskelen på 0,50. Denne terskelen vurderes for kandidattype.",2026-06-19,-0.0357142857142857,0.0451612903225806,0.1781818181818182,0.1059907373242414,0.0608839911178945,-0.0354397300984727,BELOW,BELOW,ABOVE,-0.1473684210526316,0.018995302693608,98650.42334136963,0.1011802809083781,origin/ML_SCREENER
NORWAY_V2,2026-06-19,^OSEAX,current_ml_runtime,PEXIP.OL,PEXIP HOLDING,13,0.5941695302177616,practical_score,0.4642640000069433,58.0,EXECUTION_PASS,ML contrarian / review,AVOID,"AVOID: ML-score er under produksjonsterskelen på 0,50. Denne terskelen vurderes for kandidattype.",2026-06-19,-0.0505050524511261,0.1898733550702667,-0.0105263559441817,0.2227641780201981,0.2055960558655806,-0.2241479042244727,BELOW,BELOW,ABOVE,-0.0795593664968901,0.0265366211130056,15579777.130947877,0.1115873688846393,origin/ML_SCREENER
NORWAY_V2,2026-06-19,^OSEAX,current_ml_runtime,GYL.OL,GYLDENDAL,14,0.4884674863976622,practical_score,0.4600060296182732,60.0,EXECUTION_PASS,ML contrarian / review,AVOID,"AVOID: ML-score er under produksjonsterskelen på 0,50. Denne terskelen vurderes for kandidattype.",2026-06-19,0.069767441860465,0.0454545454545454,0.0747663551401869,0.0849056603773585,0.0611772462498593,-0.138855193140104,BELOW,BELOW,ABOVE,-0.0573770491803278,0.0234817089391431,6940.8,0.0460013188712282,origin/ML_SCREENER
NORWAY_V2,2026-06-19,^OSEAX,current_ml_runtime,TIETO.OL,Tieto Oyj,15,0.3265570786972736,practical_score,0.4595971110603139,61.0,EXECUTION_PASS,ML contrarian / review,AVOID,"AVOID: ML-score er under produksjonsterskelen på 0,50. Denne terskelen vurderes for kandidattype.",2026-06-19,-0.0407239819004524,0.0231660382357863,-0.0046948356807511,0.1465657490431691,0.0388887390311002,-0.2183163839610421,BELOW,BELOW,ABOVE,-0.0947907653181923,0.0197325242160345,2066454.7532051087,0.0242486007165341,origin/ML_SCREENER
NORWAY_V2,2026-06-19,^OSEAX,current_ml_runtime,AFG.OL,AF GRUPPEN,16,0.502452443527942,practical_score,0.4480551186296619,71.0,EXECUTION_PASS,ML contrarian / review,AVOID,"AVOID: ML-score er under produksjonsterskelen på 0,50. Denne terskelen vurderes for kandidattype.",2026-06-19,0.0349726442430839,0.0498891369428997,0.0237837507918075,0.2330728279323248,0.0656118377382136,-0.1898377974884835,BELOW,BELOW,ABOVE,-0.0083769953063644,0.0137757167577815,6782690.38577118,0.0633519373292006,origin/ML_SCREENER
NORWAY_V2,2026-06-19,^OSEAX,current_ml_runtime,NAS.OL,NORWEGIAN AIR SHUTTLE,17,0.5073209567356134,practical_score,0.4471110309150952,72.0,EXECUTION_PASS,ML contrarian / review,AVOID,"AVOID: ML-score er under produksjonsterskelen på 0,50. Denne terskelen vurderes for kandidattype.",2026-06-19,0.0605554168702278,0.0782313324575532,-0.0792913017147413,0.2402191480942073,0.0939540332528671,-0.2929128499950323,BELOW,BELOW,ABOVE,-0.1281628099336561,0.0323010391024577,220725625.36347485,0.0044216941395041,origin/ML_SCREENER
NORWAY_V2,2026-06-19,^OSEAX,current_ml_runtime,SNTIA.OL,SENTIA ASA,18,0.7834464178791214,practical_score,0.4411882016617287,74.0,EXECUTION_PASS,Forward-looking ML pick,AVOID,"AVOID: ML-score er under produksjonsterskelen på 0,50. Denne terskelen vurderes for kandidattype.",2026-06-19,0.0276679635296854,0.1006067020896488,0.278688524590164,0.37687551454642,0.1163294028849627,0.065066976309873,BELOW,BELOW,ABOVE,-0.0286426272023343,0.0134172076688558,47662696.22451401,0.1437654499247616,origin/ML_SCREENER
NORWAY_V2,2026-06-19,^OSEAX,current_ml_runtime,SOFTX.OL,SOFTOX SOLUTIONS,19,0.7191901164076775,practical_score,0.4360567699916141,76.0,EXECUTION_PASS,Confirmed momentum,AVOID,"AVOID: ML-score er under produksjonsterskelen på 0,50. Denne terskelen vurderes for kandidattype.",2026-06-19,-0.1538461273943874,0.571428556223305,0.8965517684338931,0.5277778352668281,0.5871512570186189,0.682930220153602,BELOW,BELOW,ABOVE,-0.2993630845288746,0.0866698607788672,2506565.747288347,0.3168054228731862,origin/ML_SCREENER
NORWAY_V2,2026-06-19,^OSEAX,current_ml_runtime,ELK.OL,ELKEM,20,0.6950073826944676,practical_score,0.4322964924039945,78.0,EXECUTION_PASS,ML contrarian / review,AVOID,"AVOID: ML-score er under produksjonsterskelen på 0,50. Denne terskelen vurderes for kandidattype.",2026-06-19,0.0795148445446616,0.137784129585917,0.1265822895171411,0.3834197377642678,0.1535068303812309,-0.0870392587631498,BELOW,BELOW,ABOVE,-0.0604104882924586,0.0269600523631221,41817148.88715725,0.1273790863657036,origin/ML_SCREENER
NORWAY_V2,2026-06-19,^OSEAX,raw_ml,BRG.OL,BORREGAARD,1,0.7354534760814122,raw_ml_score,0.7354534760814122,1.0,SCOREABLE,,,Not evaluated by Trade signal policy because execution filter failed.,2026-06-19,-0.0013698421112479,-0.1433607187660786,-0.2326315628854851,-0.2169709697026166,-0.1276380179707646,-0.4462531111657761,BELOW,BELOW,BELOW,-0.3106382834432255,0.0179030149250648,,-0.1863680220932506,origin/ML_SCREENER
NORWAY_V2,2026-06-19,^OSEAX,raw_ml,VEND.OL,VEND MARKETPLACES ASA,2,0.7202697190992957,raw_ml_score,0.7202697190992957,2.0,SCOREABLE,,,Not evaluated by Trade signal policy because execution filter failed.,2026-06-19,-0.0154471668770642,-0.0434439183751197,-0.1447740589390098,-0.2859670158254149,-0.0277212175798058,-0.3583956072193008,BELOW,BELOW,BELOW,-0.3843416352162617,0.0225287082635837,,-0.1401437926310483,origin/ML_SCREENER
NORWAY_V2,2026-06-19,^OSEAX,raw_ml,ZENA.OL,ZENITH ENERGY,3,0.6877655637312411,raw_ml_score,0.6877655637312411,3.0,SCOREABLE,,,Not evaluated by Trade signal policy because execution filter failed.,2026-06-19,-0.1058495484117977,-0.2447058805379901,0.2159091345247488,-0.6557640663445395,-0.2289831797426762,0.0022875862444577,BELOW,BELOW,ABOVE,-0.7302521055965854,0.060830767832027,,0.0957034083496379,origin/ML_SCREENER
NORWAY_V2,2026-06-19,^OSEAX,raw_ml,NBX.OL,NORWEGIAN BLOCK EXCHANGE AS,4,0.6465762554019343,raw_ml_score,0.6465762554019343,4.0,EXECUTION_PASS,Forward-looking ML pick,REVIEW,REVIEW: Risikoprofilen er hoy i dagens praktiske policy.,2026-06-19,0.1307692713286059,0.4341463528099265,0.232704406445199,-0.3690987003692993,0.4498690536052404,0.019082858164908,BELOW,BELOW,ABOVE,-0.4060606122637218,0.0687191294527344,1316330.7252622067,0.1703763430118581,origin/ML_SCREENER
NORWAY_V2,2026-06-19,^OSEAX,raw_ml,MULTI.OL,MULTICONSULT,5,0.6177417884856716,raw_ml_score,0.6177417884856716,5.0,SCOREABLE,,,Not evaluated by Trade signal policy because execution filter failed.,2026-06-19,-0.0471939350207205,-0.083435620266967,-0.09728100364662,-0.2511278501429355,-0.0677129194716531,-0.3109025519269111,BELOW,BELOW,BELOW,-0.3146789270803469,0.0139345488260311,,-0.0961833178374839,origin/ML_SCREENER
NORWAY_V2,2026-06-19,^OSEAX,raw_ml,AURG.OL,AURSKOG SPAREBANK,6,0.6040341072356921,raw_ml_score,0.6040341072356921,6.0,SCOREABLE,,,Not evaluated by Trade signal policy because execution filter failed.,2026-06-19,0.0,-0.047795458274193,0.0158102766798418,0.1079974278134934,-0.0320727574788791,-0.1978112716004492,BELOW,BELOW,ABOVE,-0.0507848568790396,0.0098019724761084,,0.0134768745322215,origin/ML_SCREENER
NORWAY_V2,2026-06-19,^OSEAX,raw_ml,GJF.OL,GJENSIDIGE FORSIKRING,7,0.6012842259596111,raw_ml_score,0.6012842259596111,7.0,SCOREABLE,,,Not evaluated by Trade signal policy because execution filter failed.,2026-06-19,0.0325581158778465,-0.0126019053013944,-0.0807453239549519,0.0785424854108678,0.0031207954939194,-0.2943668722352429,BELOW,BELOW,BELOW,-0.1178808149123034,0.0144440094700809,,-0.021836136336807,origin/ML_SCREENER
NORWAY_V2,2026-06-19,^OSEAX,raw_ml,NORCO.OL,NORCONSULT ASA,8,0.6010325592648241,raw_ml_score,0.6010325592648241,8.0,SCOREABLE,,,Not evaluated by Trade signal policy because execution filter failed.,2026-06-19,-0.0265363347258399,-0.123270478638463,-0.1951501365318058,-0.2281285205683569,-0.1075477778431491,-0.4087716848120968,BELOW,BELOW,BELOW,-0.2923858177843432,0.0168525724064807,,-0.1836735058593808,origin/ML_SCREENER
NORWAY_V2,2026-06-19,^OSEAX,raw_ml,PROT.OL,PROTECTOR FORSIKRING,9,0.5982235344956268,raw_ml_score,0.5982235344956268,9.0,SCOREABLE,,,Not evaluated by Trade signal policy because execution filter failed.,2026-06-19,0.0180800555017917,-0.099047619047619,-0.0521042084168337,0.1707920792079207,-0.0833249182523051,-0.2657257566971247,BELOW,BELOW,BELOW,-0.1492805755395683,0.018730053956403,,-0.0304913544818234,origin/ML_SCREENER
NORWAY_V2,2026-06-19,^OSEAX,raw_ml,MING.OL,SPAREBANK 1 SMN,10,0.5948634710151139,raw_ml_score,0.5948634710151139,10.0,SCOREABLE,,,Not evaluated by Trade signal policy because execution filter failed.,2026-06-19,0.0056938099575991,-0.0931305492191867,-0.02474443479372,0.0079256052178835,-0.0774078484238728,-0.238365983074011,BELOW,BELOW,BELOW,-0.1065105643707918,0.0141100620812793,,-0.0310728925115574,origin/ML_SCREENER
NORWAY_V2,2026-06-19,^OSEAX,raw_ml,DNB.OL,DNB BANK ASA,11,0.5881272407385775,raw_ml_score,0.5881272407385775,11.0,EXECUTION_PASS,ML contrarian / review,REVIEW,REVIEW: Kandidattypen er ML-kontra / vurdering etter at ML-score har passert produksjonsterskelen.,2026-06-19,0.0207612456747405,0.007169703473117,0.0861560875207265,0.0592459605026929,0.0228924042684309,-0.1274654607595644,BELOW,BELOW,ABOVE,-0.0566038104127495,0.0130589258221236,613247433.5519943,0.0516259210759106,origin/ML_SCREENER
NORWAY_V2,2026-06-19,^OSEAX,raw_ml,TOM.OL,TOMRA SYSTEMS,12,0.5839617899337195,raw_ml_score,0.5839617899337195,12.0,SCOREABLE,,,Not evaluated by Trade signal policy because execution filter failed.,2026-06-19,-0.0152439022026387,-0.1537117770665598,-0.2603053318635198,-0.3917137497204231,-0.1379890762712459,-0.4739268801438108,BELOW,BELOW,BELOW,-0.4279810801817868,0.0382301887216756,,-0.2134851848947841,origin/ML_SCREENER
NORWAY_V2,2026-06-19,^OSEAX,raw_ml,KID.OL,KID,13,0.5806794661597329,raw_ml_score,0.5806794661597329,13.0,SCOREABLE,,,Not evaluated by Trade signal policy because execution filter failed.,2026-06-19,-0.0267558276677954,-0.0582524032130121,-0.1313432721949335,-0.2291390627425238,-0.0425297024176982,-0.3449648204752246,BELOW,BELOW,BELOW,-0.2585987163956758,0.0192540402477686,,-0.1141822010515458,origin/ML_SCREENER
NORWAY_V2,2026-06-19,^OSEAX,raw_ml,ENSU.OL,ENSURGE MICROPOWER ASA,14,0.5795943092141691,raw_ml_score,0.5795943092141691,14.0,SCOREABLE,,,Not evaluated by Trade signal policy because execution filter failed.,2026-06-19,-0.0770466062379559,-0.1785714316124819,-0.2812500256113704,-0.5135364059812402,-0.162848730817168,-0.4948715738916615,BELOW,BELOW,BELOW,-0.589285715806241,0.0331642196760352,,-0.3140962311242068,origin/ML_SCREENER
NORWAY_V2,2026-06-19,^OSEAX,raw_ml,SKUE.OL,SKUE SPAREBANK,15,0.5781003116257851,raw_ml_score,0.5781003116257851,15.0,SCOREABLE,,,Not evaluated by Trade signal policy because execution filter failed.,2026-06-19,0.0060422960725075,-0.0541115990726054,0.0089380770069342,-0.0813793103448276,-0.0383888982772915,-0.2046834712733567,BELOW,BELOW,ABOVE,-0.0850391844180664,0.0141599272990682,,0.0018359455435934,origin/ML_SCREENER
NORWAY_V2,2026-06-19,^OSEAX,raw_ml,VEI.OL,VEIDEKKE,16,0.5726726805619159,raw_ml_score,0.5726726805619159,16.0,SCOREABLE,,,Not evaluated by Trade signal policy because execution filter failed.,2026-06-19,0.0255272263119785,-0.0404984569292566,0.0845070990085905,0.1770700831322154,-0.0247757561339427,-0.1291144492717004,BELOW,BELOW,ABOVE,-0.0628802945658205,0.0111152062824821,,0.0546380264713159,origin/ML_SCREENER
NORWAY_V2,2026-06-19,^OSEAX,raw_ml,MPCC.OL,MPC CONTAINER SHIPS,17,0.5703173062637559,raw_ml_score,0.5703173062637559,17.0,EXECUTION_PASS,Forward-looking ML pick,BUY,BUY: Fremoverskuende ML-kandidat med sterk trend og validert setup.,2026-06-19,0.028356977404361,0.086822356411915,0.3527153300403756,0.4635014414914311,0.1025450572072289,0.1390937817600845,BELOW,BELOW,ABOVE,-0.0880177880004638,0.0216946337226635,50288520.73433199,0.2385580220259784,origin/ML_SCREENER
NORWAY_V2,2026-06-19,^OSEAX,raw_ml,RING.OL,SPAREBANK 1 RINGERIKE HADELAND,18,0.5688026726079766,raw_ml_score,0.5688026726079766,18.0,SCOREABLE,,,Not evaluated by Trade signal policy because execution filter failed.,2026-06-19,-0.0103057481154444,-0.0896874745686848,0.1203846466846956,0.1132484387440286,-0.0739647737733709,-0.0932369015955953,BELOW,BELOW,ABOVE,-0.099072139779317,0.0130377325743336,,0.0423028017733106,origin/ML_SCREENER
NORWAY_V2,2026-06-19,^OSEAX,raw_ml,SOAG.OL,SPAREBANK 1 ØSTFOLD AKERSHUS,19,0.5667767509329972,raw_ml_score,0.5667767509329972,19.0,SCOREABLE,,,Not evaluated by Trade signal policy because execution filter failed.,2026-06-19,-0.0177777777777777,-0.031445175658134,-0.0011299435028248,0.0401223374589814,-0.0157224748628201,-0.2147514917831158,BELOW,BELOW,BELOW,-0.0694736842105263,0.0147918275906993,,-0.0106838308221246,origin/ML_SCREENER
NORWAY_V2,2026-06-19,^OSEAX,raw_ml,PRS.OL,PROSAFE,20,0.5635751586167388,raw_ml_score,0.5635751586167388,20.0,EXECUTION_PASS,ML contrarian / review,REVIEW,REVIEW: Kandidattypen er ML-kontra / vurdering etter at ML-score har passert produksjonsterskelen.,2026-06-19,0.048406119774059,0.3831775714817513,0.1607843142143659,-0.3657142775399344,0.3989002722770652,-0.0528372340659251,BELOW,BELOW,ABOVE,-0.5375000124176339,0.0471978241587755,8868142.165246665,0.24739250182064,origin/ML_SCREENER
NORWAY_V2,2026-06-19,^OSEAX,parked_practical_first,NBX.OL,NORWEGIAN BLOCK EXCHANGE AS,1,0.6970650388683381,practical_score,0.6465762554019343,4.0,EXECUTION_PASS,Forward-looking ML pick,REVIEW,REVIEW: Risikoprofilen er hoy i dagens praktiske policy.,2026-06-19,0.1307692713286059,0.4341463528099265,0.232704406445199,-0.3690987003692993,0.4498690536052404,0.019082858164908,BELOW,BELOW,ABOVE,-0.4060606122637218,0.0687191294527344,1316330.7252622067,0.1703763430118581,wip/ml-practical-first-a07a27a
NORWAY_V2,2026-06-19,^OSEAX,parked_practical_first,DNB.OL,DNB BANK ASA,2,0.4558826123384869,practical_score,0.5881272407385775,11.0,EXECUTION_PASS,ML contrarian / review,REVIEW,REVIEW: Kandidattypen er ML-kontra / vurdering etter at ML-score har passert produksjonsterskelen.,2026-06-19,0.0207612456747405,0.007169703473117,0.0861560875207265,0.0592459605026929,0.0228924042684309,-0.1274654607595644,BELOW,BELOW,ABOVE,-0.0566038104127495,0.0130589258221236,613247433.5519943,0.0516259210759106,wip/ml-practical-first-a07a27a
NORWAY_V2,2026-06-19,^OSEAX,parked_practical_first,MPCC.OL,MPC CONTAINER SHIPS,3,0.8866105659719119,practical_score,0.5703173062637559,17.0,EXECUTION_PASS,Forward-looking ML pick,BUY,BUY: Fremoverskuende ML-kandidat med sterk trend og validert setup.,2026-06-19,0.028356977404361,0.086822356411915,0.3527153300403756,0.4635014414914311,0.1025450572072289,0.1390937817600845,BELOW,BELOW,ABOVE,-0.0880177880004638,0.0216946337226635,50288520.73433199,0.2385580220259784,wip/ml-practical-first-a07a27a
NORWAY_V2,2026-06-19,^OSEAX,parked_practical_first,PRS.OL,PROSAFE,4,0.7001067662552518,practical_score,0.5635751586167388,20.0,EXECUTION_PASS,ML contrarian / review,REVIEW,REVIEW: Kandidattypen er ML-kontra / vurdering etter at ML-score har passert produksjonsterskelen.,2026-06-19,0.048406119774059,0.3831775714817513,0.1607843142143659,-0.3657142775399344,0.3989002722770652,-0.0528372340659251,BELOW,BELOW,ABOVE,-0.5375000124176339,0.0471978241587755,8868142.165246665,0.24739250182064,wip/ml-practical-first-a07a27a
NORWAY_V2,2026-06-19,^OSEAX,parked_practical_first,AFK.OL,Arendals Fossekompani ASA,5,0.7332327537031476,practical_score,0.5380822229178782,25.0,EXECUTION_PASS,Forward-looking ML pick,WATCH,WATCH: Likviditeten er under praktisk terskel for en klar BUY-vurdering.,2026-06-19,0.0028409090909091,0.0537313432835822,0.3371212121212121,0.3074074074074073,0.0694540440788961,0.1234996638409211,BELOW,BELOW,ABOVE,-0.1218905472636815,0.0214949508860478,1217487.25,0.1512058310369006,wip/ml-practical-first-a07a27a
NORWAY_V2,2026-06-19,^OSEAX,parked_practical_first,BEWI.OL,BEWI,6,0.6711126937604637,practical_score,0.5293095340908378,31.0,EXECUTION_PASS,ML contrarian / review,REVIEW,REVIEW: Kandidattypen er ML-kontra / vurdering etter at ML-score har passert produksjonsterskelen.,2026-06-19,0.0528634911832388,0.2480418550982732,0.1313610219416199,-0.093838839167756,0.2637645558935871,-0.082260526338671,BELOW,BELOW,ABOVE,-0.1881103414583418,0.0277523542179407,2210288.8923083306,0.1454864021458135,wip/ml-practical-first-a07a27a
NORWAY_V2,2026-06-19,^OSEAX,parked_practical_first,NKR.OL,NEKKAR,7,0.75796780959907,practical_score,0.5242226970188747,34.0,EXECUTION_PASS,ML contrarian / review,REVIEW,REVIEW: Kandidattypen er ML-kontra / vurdering etter at ML-score har passert produksjonsterskelen.,2026-06-19,-0.0330033011610403,0.122605318345617,0.2739130103069802,0.4154588481715531,0.1383280191409309,0.0602914620266892,BELOW,BELOW,ABOVE,-0.0815047151273137,0.0225211116400333,2643021.7405139445,0.1570965644958035,wip/ml-practical-first-a07a27a
NORWAY_V2,2026-06-19,^OSEAX,parked_practical_first,VVL.OL,VOSS VEKSEL- OG LANDMANDSBANK,8,0.8467778514989233,practical_score,0.5238686535014533,35.0,EXECUTION_PASS,Forward-looking ML pick,WATCH,WATCH: Likviditeten er under praktisk terskel for en klar BUY-vurdering.,2026-06-19,0.0381355932203388,0.1556603773584906,0.303191489361702,0.2827225130890052,0.1713830781538045,0.089569941081411,BELOW,BELOW,ABOVE,-0.0485436893203883,0.0234579670059744,83003.05,0.1766542197461789,wip/ml-practical-first-a07a27a
NORWAY_V2,2026-06-19,^OSEAX,parked_practical_first,BCS.OL,BERGEN CARBON SOLUTIONS AS,9,0.6549823451385097,practical_score,0.5178265840419118,38.0,EXECUTION_PASS,ML contrarian / review,REVIEW,REVIEW: Kandidattypen er ML-kontra / vurdering etter at ML-score har passert produksjonsterskelen.,2026-06-19,0.2477875776328495,0.3386075646138853,0.1340482566871936,-0.126033081463488,0.3543302654091992,-0.0795732915930973,BELOW,BELOW,ABOVE,-0.2552816642759047,0.041310306654143,664927.2846939086,0.1151681333829512,wip/ml-practical-first-a07a27a
NORWAY_V2,2026-06-19,^OSEAX,parked_practical_first,SOFF.OL,SOLSTAD OFFSHORE,10,0.7220656898799049,practical_score,0.5127421899098965,42.0,EXECUTION_PASS,ML contrarian / review,REVIEW,REVIEW: Kandidattypen er ML-kontra / vurdering etter at ML-score har passert produksjonsterskelen.,2026-06-19,-0.0661417442982591,0.0403508638080798,0.435835359140823,0.473291906510821,0.0560735646033937,0.222213810860532,BELOW,BELOW,ABOVE,-0.1528571537562779,0.0231771634101842,10101405.964619065,0.1023738968863952,wip/ml-practical-first-a07a27a
NORWAY_V2,2026-06-19,^OSEAX,parked_practical_first,MORLD.OL,MORELD ASA,11,0.6139961836937402,practical_score,0.4891504901304528,49.0,EXECUTION_PASS,ML contrarian / review,AVOID,"AVOID: ML-score er under produksjonsterskelen på 0,50. Denne terskelen vurderes for kandidattype.",2026-06-19,-0.026156869837362,0.1733333703243371,0.0672547553336366,0.3081081324898471,0.189056071119651,-0.1463667929466543,BELOW,BELOW,ABOVE,-0.0824644426379372,0.0190869405519834,5662030.174521541,0.0952270912789075,wip/ml-practical-first-a07a27a
NORWAY_V2,2026-06-19,^OSEAX,parked_practical_first,SOGN.OL,SOGN SPAREBANK,12,0.4708588289882858,practical_score,0.4653158986788919,56.0,EXECUTION_PASS,ML contrarian / review,AVOID,"AVOID: ML-score er under produksjonsterskelen på 0,50. Denne terskelen vurderes for kandidattype.",2026-06-19,-0.0357142857142857,0.0451612903225806,0.1781818181818182,0.1059907373242414,0.0608839911178945,-0.0354397300984727,BELOW,BELOW,ABOVE,-0.1473684210526316,0.018995302693608,98650.42334136963,0.1011802809083781,wip/ml-practical-first-a07a27a
NORWAY_V2,2026-06-19,^OSEAX,parked_practical_first,PEXIP.OL,PEXIP HOLDING,13,0.5941695302177616,practical_score,0.4642640000069433,58.0,EXECUTION_PASS,ML contrarian / review,AVOID,"AVOID: ML-score er under produksjonsterskelen på 0,50. Denne terskelen vurderes for kandidattype.",2026-06-19,-0.0505050524511261,0.1898733550702667,-0.0105263559441817,0.2227641780201981,0.2055960558655806,-0.2241479042244727,BELOW,BELOW,ABOVE,-0.0795593664968901,0.0265366211130056,15579777.130947877,0.1115873688846393,wip/ml-practical-first-a07a27a
NORWAY_V2,2026-06-19,^OSEAX,parked_practical_first,GYL.OL,GYLDENDAL,14,0.4884674863976622,practical_score,0.4600060296182732,60.0,EXECUTION_PASS,ML contrarian / review,AVOID,"AVOID: ML-score er under produksjonsterskelen på 0,50. Denne terskelen vurderes for kandidattype.",2026-06-19,0.069767441860465,0.0454545454545454,0.0747663551401869,0.0849056603773585,0.0611772462498593,-0.138855193140104,BELOW,BELOW,ABOVE,-0.0573770491803278,0.0234817089391431,6940.8,0.0460013188712282,wip/ml-practical-first-a07a27a
NORWAY_V2,2026-06-19,^OSEAX,parked_practical_first,TIETO.OL,Tieto Oyj,15,0.3265570786972736,practical_score,0.4595971110603139,61.0,EXECUTION_PASS,ML contrarian / review,AVOID,"AVOID: ML-score er under produksjonsterskelen på 0,50. Denne terskelen vurderes for kandidattype.",2026-06-19,-0.0407239819004524,0.0231660382357863,-0.0046948356807511,0.1465657490431691,0.0388887390311002,-0.2183163839610421,BELOW,BELOW,ABOVE,-0.0947907653181923,0.0197325242160345,2066454.7532051087,0.0242486007165341,wip/ml-practical-first-a07a27a
NORWAY_V2,2026-06-19,^OSEAX,parked_practical_first,AFG.OL,AF GRUPPEN,16,0.502452443527942,practical_score,0.4480551186296619,71.0,EXECUTION_PASS,ML contrarian / review,AVOID,"AVOID: ML-score er under produksjonsterskelen på 0,50. Denne terskelen vurderes for kandidattype.",2026-06-19,0.0349726442430839,0.0498891369428997,0.0237837507918075,0.2330728279323248,0.0656118377382136,-0.1898377974884835,BELOW,BELOW,ABOVE,-0.0083769953063644,0.0137757167577815,6782690.38577118,0.0633519373292006,wip/ml-practical-first-a07a27a
NORWAY_V2,2026-06-19,^OSEAX,parked_practical_first,NAS.OL,NORWEGIAN AIR SHUTTLE,17,0.5073209567356134,practical_score,0.4471110309150952,72.0,EXECUTION_PASS,ML contrarian / review,AVOID,"AVOID: ML-score er under produksjonsterskelen på 0,50. Denne terskelen vurderes for kandidattype.",2026-06-19,0.0605554168702278,0.0782313324575532,-0.0792913017147413,0.2402191480942073,0.0939540332528671,-0.2929128499950323,BELOW,BELOW,ABOVE,-0.1281628099336561,0.0323010391024577,220725625.36347485,0.0044216941395041,wip/ml-practical-first-a07a27a
NORWAY_V2,2026-06-19,^OSEAX,parked_practical_first,SNTIA.OL,SENTIA ASA,18,0.7834464178791214,practical_score,0.4411882016617287,74.0,EXECUTION_PASS,Forward-looking ML pick,AVOID,"AVOID: ML-score er under produksjonsterskelen på 0,50. Denne terskelen vurderes for kandidattype.",2026-06-19,0.0276679635296854,0.1006067020896488,0.278688524590164,0.37687551454642,0.1163294028849627,0.065066976309873,BELOW,BELOW,ABOVE,-0.0286426272023343,0.0134172076688558,47662696.22451401,0.1437654499247616,wip/ml-practical-first-a07a27a
NORWAY_V2,2026-06-19,^OSEAX,parked_practical_first,SOFTX.OL,SOFTOX SOLUTIONS,19,0.7191901164076775,practical_score,0.4360567699916141,76.0,EXECUTION_PASS,Confirmed momentum,AVOID,"AVOID: ML-score er under produksjonsterskelen på 0,50. Denne terskelen vurderes for kandidattype.",2026-06-19,-0.1538461273943874,0.571428556223305,0.8965517684338931,0.5277778352668281,0.5871512570186189,0.682930220153602,BELOW,BELOW,ABOVE,-0.2993630845288746,0.0866698607788672,2506565.747288347,0.3168054228731862,wip/ml-practical-first-a07a27a
NORWAY_V2,2026-06-19,^OSEAX,parked_practical_first,ELK.OL,ELKEM,20,0.6950073826944676,practical_score,0.4322964924039945,78.0,EXECUTION_PASS,ML contrarian / review,AVOID,"AVOID: ML-score er under produksjonsterskelen på 0,50. Denne terskelen vurderes for kandidattype.",2026-06-19,0.0795148445446616,0.137784129585917,0.1265822895171411,0.3834197377642678,0.1535068303812309,-0.0870392587631498,BELOW,BELOW,ABOVE,-0.0604104882924586,0.0269600523631221,41817148.88715725,0.1273790863657036,wip/ml-practical-first-a07a27a
